kalimat,label
peduli batalin beli honda genio beralih yamaha esaf,1
mantap wir honda giorno cocok banget kaum ciwi ciwi indonesia rangka esaf desain top habis,1
honda gak pakai rangka esaf yah,0
mantaap kakak pengalaman menarik rasio motor honda berangka esaf gak nya rangka bobrok keep safety kakak,0
isu bohong kawan dealer rumahan kebanjiran orderan honda berangka esaf tuh,0
ayo pre order bus manfaatin momen ayo kayak esaf honda,1
issue rangka esaf kropos ga sih takut banget beli honda naksir vario pakai banget,0
honda senang skandal rangka esaf,1
rangka esaf honda beat dinilai rugikan pedagang motor bekas,1
honda pakai rangka esaf,0
sales honda motor rangkanya esaf underbone rangka esaf rangka baja ringan gampang karatan viral,1
pre order aman statemen masyarakat alam sadar masyarakat rosalia indah aman bertanggungjawab mari pre order unjuk gigi honda rangka esaf,1
beli alutsista ga kaya beli honda beat esaf bayar besok nyampe barangnya geopolitik lcs ga anggaran pertahan best practice gdp indonesia ifv taon an dipakai besinya dicolek kanon mm bolong,0
tumben suzuki blom kliatan iklannya kaya jaman pas esaf honda wkwkwk,1
responnya kayak honda esaf,0
rangka esaf bengkok tetep laku tuh motor honda astra magic,0
honda turun sales penjualan akibat esaf tersenyum puas hahahahahahaahahahaha aroma aroma gurih enyoy rangkaberkarat,1
rangka esaf sebenernya aman dipakai pemakaian normal pengecekan berkala pakai honda scoopy rangka esaf aman terkendali,1
abang nya lihat disitu crash motor honda berangka esaf kasih informasi heran dikantin rangka esaf,0
bjir dengkul rangka esaf honda beat,0
rangka esaf seringkih yah situ motor honda lihat rangka patah suka banget perasaan ngegiring opini takut beli motor honda heran,0
honda rangka esaf tetep laku pemerintah ga berani nyuruh recall,0
engineer yah honda rc pakai rangka esaf sok gak mengerti,0
honda rangka esaf yah termakan isu suka menyebarkan isu serampangan gemoar viral khalayak hehehe,0
tertanam honda iya dibenaknya rangka esaf bermasalah motor keluaran terbaru menguap pertanggung produsen,0
yaelahhh update bangg nongki nungguin honda posting trus hujat knkt deh jelasin esaf rangkanya deh aman,0
honda yamaha rendah dudukannya suka cari rangka nya ga esaf pilih honda tuh,0
sayang ahm terkesan tutup mata banyaknya rangka esaf beralihnya pengguna produk honda ahm merk kompetitor,1
malo vario rangka esaf diyakini factory cacat jangkauannya masif dlm honda brio jarang defect musibah tidak ada uang,0
gak motor honda nya gak lihat motor berangka esaf patah lebih baik gak banyak bicara deh kasihan kemakan isu serampangan kayak,0
kekurangan honda terbaru rangka esaf patah cmiww,0
hayuu berfikir jernih kritis termakan isu kacangan gak dimakan rangka esaf pemakaian normal safety kuat motor honda beat alhamdulillah gak tuh gana gini sing he,1
lewati ajalah motor lebih baik beat langsiran sabar nunggu sih rumornya honda ngeluarin motor type rangkanya gk esaf,1
viral rangka esaf keropos bikin harga honda beat bekas turun drastis pedagang motor tidak mau jual,0
motor honda kualitas material bnyak bilang sngat mnurun trbukti esaf mesin vbelt cepat nyervis mobil kualitas gmna om,1
pabrikan astra honda bongkar penyebab rangka esaf kuat gampang keropos,0
ntah fb twitter driver penyefonk honda mobil iya kakunya sense of humor nya setipis rangka esaf,0
saran sih lebih baik yamaha gear beat harga bedanya colokan listrik nya hopeless honda perkara esaf wkwkwk,1
sepele menganggap sebelah mata rakyat indonesia sari roti astra honda motor rangka esaf,0
rangkanya rangka esaf ala honda brekekekkekek,0
kakak informasi esaf enhanced smart architecture frame honda kendaraan roda indonesia strukturnya dikembangkan stabilitas handling sepeda motor mudah dikendarai pakai daya tahan,1
rangka esaf honda em e kuat angkut beban kg,0
salam hati resmi garansi rangka honda brosis beli motor honda otomatis garansi rangka gak pakai batas jarak tempuh kilometer brosis garansi berlaku tipe motor skutik sport,1
resmi garansi rangka honda brosis beli motor honda otomatis garansi rangka gak pakai batas jarak tempuh kilometer garansi berlaku tipe skutik sport cub cbu amp big bike motor listrik,1
bikin beli motor honda tampilan fitur kekinian garansi rangka tipe motor honda,0
kampanye astra motor pontianak sepeda motor honda garansi rangka produk sepeda motor honda,1
caption resmi honda garansi rangka sepeda motor honda komitmen jaminan kualitas produk kenyamanan konsumen beli motor honda otomatis garansi rangka gak pakai batas jarak tempuh kilometer,1
resmi honda garansi rangka sepeda motor honda komitmen jaminan kualitas produk kenyamanan konsumen beli motor honda otomatis garansi rangka gak pakai batas jarak tempuh kilometer hati,1
x lihat motor honda supra x patah iya rangka honda ga bagus,0
capek capeknya honda ga garansi rangka th loh sebagai informasi oktober ahm upgrade transaksi motor honda garansi rangka th lohh informasi seputar motor honda inbox iya brosis,1
honda garansi rangka sepeda motor honda komitmen jaminan kualitas produk kenyamanan konsumen,1
pt astra honda motor hadirkan new honda scoopy bergaransi rangka,0
honda menyusul yamaha garansi rangka motor dijual indonesia perbedaan syarat pabrikan terkait pemberian garansi,0
macz man suppporter psm makassar kibarkan spanduk honda garansi rangka laga kontra persija,0
rangka motor honda garansi berlaku beli tanggal segini,0
garansi rangka honda brosis beli motor honda otomatis garansi rangka gak pakai batas jarak tempuh kilometer brosis garansi berlaku tipe motor skutik sport cub cbu amp,0
pamerkan rangka honda luncurkan new honda beat indonesia gantikan vario id,0
pamerkan rangka honda luncurkan new honda beat indonesia gantikan vario via id,0
ih ppurt optktyp to tpamerkan rangka honda luncurkan new honda beat indonesia gantikan vario id,0
garansi bukti rangka motor honda gak kaleng kaleng,0
ahm garansi rangka motor honda batas jarak kategori,0
yaela honda rangka nya rapuh,0
superhero ramaikan garansi rangka sepeda motor honda,0
baterai honda em e digaransi rangka,0
kabar pecinta motor honda ahm garansi rangka motor honda baca selengkapnya,1
inovasi terbaru ahm astra honda motor keren warna scoopy garansi rangka,1
batas jarak tempuh ahm perpanjang garansi rangka sepeda motor honda jakarta insider,0
resmi garansi rangka honda konsumen beli sepeda motor honda tanggal oktober otomatis garansi rangka,0
honda beat rangka krispy,0
pasang swing arm suzuki thunder rangka honda megapro,1
bangke badan rangka honda jirrr wkwkwk,0
garansi baterai motor listrik honda em e berlaku rangka,0
pakai rangka honda,0
honda rangka esap,0
honda komitmennya penggemar setianya garansi rangka sepeda motor honda merasakan keamanan kualitas terbaik lewatkan kesempatan bergabung komunitas cosplay,0
oke honda ngeri rangka patah,0
bukti rangka honda vario stabil,0
berkibar bangga melayani konsumen honda garansi rangka tipe motor honda berkibar tribun penonton final basket honda dbl i yogyakarta series,0
salam hati brand sepeda motor disukai masyarakat indonesia survey sepeda motor disukai masyarakat indonesia pastinya motor honda brosis ga ragu garansi rangka brosis,1
supra menepis rangka patah honda laris,0
daihatsu dnga rangka honda e safnya real,1
iku rangka honda akeh kasuse wesan,0
ylki rangka honda gimanaaa diem diem baeee,0
standar safety ga seketat negara lihat honda motor rangka tipis bermasalah sanksi knkt roda kecelakaan takdir produsen,0
tanggapi isu rangka keropos honda hadirkan jaminan batas jarak,0
tanggapi isu rangka keropos honda hadirkan jaminan batas jarak,0
honda adv warna garansi rangka,0
gak rangka krupuknya honda cewek,0
inget rangka honda,0
yah hubungannya radio mazda rangka honda,0
itukan diatas penjelasannya jadwal jeketi dikaitin rangka honda hahaha,0
lebih baik motor yamaha mio m mio gear suzuki addres pertimbangan motor entru honda isu rangka ttp honda lebih baik vario,1
perang garansi rangka yamaha honda,0
bagus ajaa beli ajaa lupa sales garansi rangka ga honda rawan rangka berkarat patah,0
nder honda rangka esaff beli under saran,0
beli honda rangka nyaa bosok beli yamaha suzuki,0
maaf fazio honda rangka nya ampas,0
komitmen ahm jaminan kualitas motor honda garansi rangka batasan jarak tempuh,0
kayaknya honda diboikot semenjak rangka motor honda patah,0
jgm honda rangka nya bermasalah,0
jaminan kualitas kenyamanan konsumen motor honda miliki garansi rangka batas jarak tempuh,1
perasaan kmren berita honda rangka esaf nya mudah patah skr berita honda toyota daihatsu merk laku,0
rangka honda,0
iklan honda rangka kuat,0
suporter psm makassar gaungkan sepeda motor honda garansi rangka stadion gelora bj habibie suporter psm makassar macz man mengibarkan spanduk bertuliskan sepeda,1
rangka honda indonesia diduga jelek mudah patah link,0
rangka ehsap merk honda,0
motornya merenung didalam akinya capek banget honda dituduh rangka rapuh deh irit bensin seret yumen beli skin,1
kayaknya sih belajar rangka honda rangka ga direcall iya ngerasa aman,0
genio iya ganti rangka garansi honda,0
wuih sepeda motor honda miliki garansi rangka batas jarak tempuh,0
honda busuk pengerimannya rangka busuk rem busuk,0
garansi motor listrik honda em e baterai rangka,0
ga sadar tu sindiran ramai rangka motor honda dianggap gampang peyok wali kota nyindir lurah kerjanya tu dianggap gampang peyok harapannya kesindir kinerja filosofis iya,0
ngomong-ngomong rangka honda deh benerkah gapuk,0
kehatian beli motor listrik honda harga battery mahal plus rangka tipis honda momok tunggu merk rilis,1
honda em e garansi baterai rangka,0
tebak cuek ngibulnya rangka essafnya honda ditunggu ngibulnya astraaa toyota daihatsu,0
ga recommended sih plus brand h rangka lebih baik yamaha mio gear ga seirit honda rangka aman,1
mohon bantuannya unit motor hilang lapangan putsal kartini puncak cisarua bogor jawa barat merek honda pol g ob warna hitam rangka mhjmlk mesin jme,0
christmas ride honda community ntt rangka memeriahkan natal deket bali,1
sih body rangka sparepart lebih baik yamaha honda modelnya menang,1
mohon bantuannya unit motor hilang lapangan putsal kartini puncak cisarua bogor jawa barat merek honda pol g ob warna hitam rangka mhjmlk mesin jme,0
moro koyo rangka insaf e honda,0
harga resmi motor listrik honda em e em e plus rangka digaransi rp jutaan harga resminya rilis konsumen beli baterai tambahan,1
rangka ahass prima motor mengadakan program hadiah voucher motor kesayangan diskon service pelanggan setia honda tanggal desember s januari,1
honda temu bukti skutik esaf karat patah,0
temu bukti rangka esaf karat honda saran milik dealer,0
kemenhub knkt selesai investigasi kualitas motor honda kualitas konsumen hasil knkt kemenhub rangka esaf motor honda kuat aman honda terima kritik saran konsumen,1
rekomendasi motor matic honda rangka esaf motor matic honda rangka enhanced smart architecture frame esaf kendara roda honda beat genio scoopy vario adopsi teknologi esaf rangka a thread,0
honda jual rangka esaf rp juta riuh karat,1
informasi beli sepeda motor rangka esaf honda cacat iya,0
saham blue chip lq astra kena sentimen negatif kontroversi rangka esaf honda palsu uji selamat daihatsu serang mobil listrik byd china bikin market takut proyeksi astra depan ancam,0
balai lelang jba sebut rangka esaf sandung honda pengaruh harga lelang motor indonesia general manager operations jba indonesia sebut temu motor lelang pakai rangka esaf,0
rangka esaf honda muncul trend rangka motor yamaha beli motor ducati,0
asyik bros beli motor honda okt garansi rangka tipe motor skutik sport cub cbu amp big bike motor listrik poin detail,1
balai lelang jba sebut rangka esaf sandung honda pengaruh harga lelang motor indonesia johan wijaya general manager operations jba indonesia temu motor lelang pakai,0
yamaha nmax usia nya muda iya patah rangka motor,0
motor matic honda rangka esaf ngirit iya koment iya abang ojol motor kelen ngirit gk,0
investigasi rangka esaf honda selesai ahm laku,0
parah ikut rangka esaf kerangka yamaha nmax retak patah,0
a thread skandal rangka esaf malfunction esaf honda tenggelam update kknt bilang esaf layak pakai kunjung pabrik salah konsumen bersih lubang rangka sumbat,0
terima kasih bros setia dapat layan cek rangka sepeda motor honda bros kena biaya alias gratis ahass dekat ayo ahass dekat cek rangka motor honda bros,0
halo rangka motor dadak krispy karat ganti rangka gratis bagus kualitas ganti rangka esaf krispy,1
bros gak ragu deh kualitas rangka esaf uji aman kualitas tambah batas kilometer jarak tempuh bros beli motor honda oktober,1
cerita riding aceh malang pakai scoopy esaf bikin ketar tir mirza ramadan anggota komunitas scoopy langsa aceh bagi cerita alam touring aceh hadir helat honda bikers day honda scoopy esaf,0
honda stylo pakai rangka esaf tenang garansi,1
bikin ahm percaya diri pakai rangka esaf honda stylo,1
ahli lebih rangka esaf motor honda,1
brin karat silikat rangka esaf honda tes lab,0
biaya cek rangka esaf dealer honda,0
rek saranin motor awet bensin beli honda kmarin viral rangka esaf gampang karat,1
ahm buka layan cek rangka esaf skutik honda,0
hasil investigasi esaf honda standar rangka kuat,0
honda stylo motor matik honda disinisin pakai rangka esaf,0
honda jamin rangka esaf aman garansi batas jarak pt astra honda motor ahm jamin rangka esaf rangka motor aman honda berani jamin garansi,0
oyi rek saranin motor awet bensin beli honda kmarin viral rangka esaf gampang karat,1
ylki terima adu rangka esaf honda,0
kait rangka esaf honda dirjen hubdat masyarakat khawatir,0
esaf honda beat hadir tangguh stylish,1
pakai rangka esaf honda stylo desain tarik,1
drama gaduh rangka esaf honda patah versi kemendag,0
menindaklanjuti keluh masyarakat kait rangka esaf honda kemenhub knkt laku teliti,1
knkt buka suara hasil investigasi rangka esaf honda,1
ahm buka suara hasil investigasi esaf honda karat patah,0
jelas kemenhub karat rangka esaf honda,0
rangka esaf honda stylo klaim pabrikan garansi batas kilometer,0
keluh guna hasil investigasi esaf honda,1
rangka esaf honda em e kuat angkut beban kg,0
ast ra pesimis clear toyota daihatsu indo rangka esaf honda kayak tiup angin hilang isu,0
rangka esaf honda stylo label garansi intip ayo performa,1
gak kapok pakai rangka esaf honda kan lebih stylo,0
new honda scoopy rangka esaf garansi luncur,0
ungkap hasil teliti rangka esaf sepeda motor honda,1
drama rangka esaf jual honda jakarta tangerang,0
kemenhub tunggu hasil final investigasi rangka esaf honda,1
drama esaf honda kasih garansi rangka,0
hasil periksa knkt kemenhub rangka esaf honda,0
nasib motor honda rangka esaf karat garansi habis,0
rangka esaf honda rentan patah pengaruh harga motor bekas beat vario pasar,0
fitur fitur unggul motor matic honda baru pakai rangka esaf motor matic honda rangka esaf motor honda honda genio,0
rangka esaf montor honda,0
woilah cik kontol spek kerangka esaf honda,0
rangka esaf honda perintah ambil putus ramai jarang maka honda beat pakai yamaha mio bukti aman,0
fakta silikat biang kerok rangka esaf honda keropos analisis ancang breket jet salatiga download aplikasi akses berita mudah cepat android,0
brebes honda beat rangka esaf rem macet dealer,0
hasil periksa knkt kemenhub rangka esaf honda,0
rangka esaf skuter listrik honda beneran lipat,1
analisa ahli karat lulus prancis lubang buang air rangka esaf honda stylo besar,0
brin buka suara rangka esaf honda bercak kuning,0
rangka esaf honda produksi iya aduh motor keluar,0
infografis tahap kece rangka esaf dealer honda,1
infografis bercak kuning rangka esaf honda karat silikat,0
redam ragu rangka esaf motor listrik honda garansi,0
hasil temu knkt kemenhub rangka esaf honda viral mudah patah,1
kemenhub respons desa recall skutik esaf honda karat patah,0
honda buka layan adu rangka esaf,0
temu mekanik sragen muncul karat rangka esaf honda beat street,0
rangka esaf honda stylo beneran bagus vario,1
tahu rangka esaf honda stylo dalam cat ahli efek,1
tahu rangka esaf honda stylo dalam cat ahli efek,1
honda stylo pakai rangka esaf ahm garansi,0
bikin ahm percaya diri pakai rangka esaf honda stylo,1
khawatir rangka esaf honda stylo garansi,0
imbas isu rangka esaf honda media sosial yamaha kena getah alih motor listrik,0
tebal plat rangka esaf honda stylo tambah versi bikin rangka kuat,1
yamaha rangka esaf honda kritik,0
alas motor honda stylo rangka esaf,0
tampak rangka esaf honda stylo umur silikat bongkar,0
jelas spesliasis silikat rangka esaf honda stylo tangan,0
tuding jual rangka esaf gampang karat honda,1
temu motor plus rangka esaf honda stylo lapis cat tebal,1
rangka esaf pakai all new honda stylo klaim kembang garansi,1
deret artikel otomotif populer jumat hasil investigasi rangka esaf honda alas sepeda listrik stnk,1
kemenhub knkt hasil periksa rangka esaf honda masyarakat khawatir,0
new honda stylo usung rangka esaf alas,0
honda stylo pakai rangka esaf kuak alas,0
honda stylo pakai rangka esaf,0
kemenperin tunggu hasil final investigasi rangka esaf honda,1
rangka esaf honda garansi,0
pakai rangka esaf ahm luncur honda stylo jual rp juta,1
rangka esaf honda viral rangka yamaha mio patah,0
catat rangka esaf honda garansi,0
knkt amp kemenhub hasil investigasi rangka esaf honda,1
berita populer kumparanoto pandu pilih ban mobil listrik rangka esaf honda stylo jamin,0
honda kan hasil evaluasi knkt kemehub rangka esaf,1
alas honda stylo pakai rangka esaf,0
terpa isu rangka esaf rapuh jual sepeda motor honda area jakarta tangerang tingkat banding,0
honda respons ylki klarifikasi rangka esaf duga karat patah,1
investigasi teliti rangka esaf honda rampung,1
terpa isu rangka esaf jual motor honda jakarta tangerang,0
evaluasi honda knkt kemenhub periksa rangka esaf,0
warna honda vario versi biru doff rangka esaf garansi,0
honda jamin rangka esaf aman garansi batas jarak,0
bahas rangka esaf nya honda emg gada habis nya honda stylo dikulitin sm reviewer motor tetep abang popo sm abang aant otomotif enak ringan bahas komparasi nya,1
rangka esaf honda beat nilai rugi dagang motor bekas,1
investigasi teliti rangka esaf honda rampung,1
murah honda pcx gambar spesifikasi honda stylo basis giorno rangka underbone esaf,1
pirsa sabar beli honda scoopy esaf baru honda scoopy baru garansi rangka esaf,1
spesifikasi honda stylo indonesia power sedia versi rem cakram,0
honda stylo hadir indonesia honda scoopy ahm launching honda stylo jumat februari besok taglline,1
pirsa honda adv rangka honda adv double cradle komparasi frame vs pcx adv,0
honda stylo distribusi dealer resmi sepeda motor honda indonesia harga pilih warna honda stylo baru otr pulau jakarta,1
pirsa beli motor honda imos ratus motor honda laku imos scoopy favorit unjung,0
ciamik soro pirsa beli motor honda matic honda garansi rangka motor,0
kemenhub gandeng knkt teliti rangka esaf sepeda motor honda,0
drama isu rangka esaf honda berani kasih garansi rangka motor,0
gak kapok pakai rangka esaf honda kan lebih stylo uzone,0
